-- Adminer 4.8.1 PostgreSQL 16.4 (Debian 16.4-1.pgdg120+1) dump

INSERT INTO "patient" ("id", "nom", "prenom", "datenaissance", "adresse", "tel", "mail", "idmedcintraitant", "numsecusociale") VALUES
('118a9bca-b30e-360a-9acb-0f44498fa9cb',	'Carre',	'Suzanne',	'2013-08-06',	'83, place Brigitte Vincent
52136 Verdier',	'01 66 54 97 14',	'munoz.theophile@laposte.net',	'd7322940-05d8-3fce-a8df-6f8590b665b5',	'231040996802580'),
('bdbc09de-d523-34a5-bec7-743953a7cd2f',	'Bouvier',	'Roland',	'1992-02-13',	'place Véronique Lefevre
66952 Labbe',	'0803305711',	'sgodard@vasseur.com',	'33ccfb21-15a2-3230-ab38-2cdab4ff1581',	'176108530912522'),
('33c59f91-10ff-3e5a-a4dd-ffb5e4d1d513',	'Guerin',	'Julien',	'1999-03-10',	'46, rue de Moreau
64371 Arnaud',	'03 52 74 84 14',	'lledoux@dbmail.com',	'4749c6f8-8ddf-337c-b925-8655c5648fd6',	'135024263349258'),
('98c2aeae-a2f1-382c-8c94-65a27d52f991',	'Allain',	'Thierry',	'1974-12-28',	'77, rue de Huet
02716 Carlier-sur-Masse',	'+33 8 95 86 59 52',	'michel.georges@live.com',	'28b72906-3cbf-3662-8806-b471d873343e',	'289026568874477'),
('f930c1de-5fa2-3832-ba7c-b2d05a9dc2d4',	'Michaud',	'Valentine',	'2022-02-05',	'741, rue Michelle Francois
69134 Bourdon-sur-Mer',	'+33 (0)4 56 72 30 49',	'rmahe@laposte.net',	'06624069-b6dc-379a-af32-84b2c7f92703',	'261055863519839'),
('5957675b-b7b0-39ba-8b3a-920b2f7a523f',	'Gauthier',	'Gabriel',	'2008-01-04',	'89, place de Chauvet
62516 Maillot',	'+33 3 95 15 29 63',	'gimenez.alphonse@gregoire.com',	'836f4664-68c3-332a-8dae-78d289f53538',	'268058237206587'),
('fd774f03-935f-39f5-ba95-2f01ffee28dd',	'Dumont',	'Denis',	'2021-06-09',	'boulevard Amélie Lemaire
85460 Benard-sur-Perez',	'+33 (0)3 31 22 41 76',	'leon.berger@bailly.org',	'b5373bdc-bac8-3c66-b819-85ce85e4d320',	'106118963240880'),
('b5e1f6a4-cc8a-37b4-b23a-3772c3c30cbf',	'Levy',	'Pierre',	'1999-09-08',	'778, rue Simone Perrin
40511 Schmitt-les-Bains',	'+33 (0)4 44 03 69 25',	'lopes.odette@sanchez.net',	'1af9b1f6-b4d9-333b-800d-9717a5a2cf5b',	'164089717671169'),
('9920d017-c728-3859-ab2e-31c4197c10f3',	'Launay',	'Virginie',	'1989-05-29',	'840, rue de Laine
28782 Vasseur',	'09 03 38 99 50',	'louis.arthur@mendes.net',	'28b72906-3cbf-3662-8806-b471d873343e',	'104048428689605'),
('ad9bfece-6520-3ff1-b497-f897e5bde84a',	'Gosselin',	'Victoire',	'1983-05-12',	'49, chemin de Marion
35721 Guichard',	'+33 (0)3 71 43 93 00',	'jean89@vidal.fr',	'011d2c1d-284b-3968-803a-81d25276d93e',	'262015337547122'),
('438dff6a-4520-3a00-8b2e-16ea002cafef',	'Hoarau',	'Anaïs',	'1978-07-21',	'42, avenue Théophile Vincent
66774 Verdier',	'+33 9 29 02 02 39',	'william46@wanadoo.fr',	'346db59f-d583-31ac-aba8-a36043b4865c',	'202017237673818'),
('751aaf42-f6be-32f3-8a72-14250e710484',	'Boucher',	'Nath',	'2005-04-27',	'55, avenue Jacquot
23601 Gomez',	'+33 (0)4 06 54 67 76',	'gturpin@costa.fr',	'cf11bb88-f700-3b8e-8c17-745902612058',	'297066643295018'),
('d7c22735-2d8a-30bb-bcc0-ab0a2acb56ac',	'Peltier',	'Thomas',	'1984-05-30',	'22, chemin Auger
76223 Laine-les-Bains',	'+33 6 95 73 42 70',	'henri29@live.com',	'3740ce08-d7ed-3f30-89dc-37c75705a5c0',	'119084806213527'),
('aed94255-8dd3-378e-87b5-a1cd2d36eb08',	'Lecoq',	'Alphonse',	'2021-05-03',	'5, avenue de Lefevre
00471 Godard',	'+33 (0)5 00 50 65 70',	'jmarin@riviere.com',	'28b72906-3cbf-3662-8806-b471d873343e',	'199087746775514'),
('ce09855e-6a9c-3a69-bb41-19f444ceedd8',	'Bonnet',	'Denise',	'2021-11-14',	'99, impasse Moreau
33597 Leconte',	'0919430924',	'wlebrun@yahoo.fr',	'a7aff564-bf07-344f-8e0f-4be67c12d895',	'128114970522614'),
('5e1837b3-3205-333d-80be-1b6617bacc5b',	'Maillet',	'Richard',	'1984-04-19',	'53, boulevard de Sanchez
98006 Leclercboeuf',	'0695864942',	'vmartin@hotmail.fr',	'e5fcb510-ef63-35d3-aff9-7590459fcf3a',	'264085794536902'),
('d48232be-5a3d-3aa6-9877-37f27c305f82',	'Charrier',	'Henriette',	'1992-04-23',	'10, avenue Louise Salmon
55341 Traorenec',	'+33 (0)2 08 77 37 34',	'sophie.lambert@pineau.fr',	'cf3dc7df-a4d7-3a8f-9dba-acd4f2d95f1d',	'129125347765774'),
('a70dd64e-3b0e-3175-a5f5-d8012dcd8a73',	'Breton',	'Susanne',	'2007-03-15',	'93, impasse de Guillet
05154 Robin',	'05 65 86 67 96',	'nathalie93@sfr.fr',	'229f36ae-ff42-3b2b-a8bf-e0d90ea46448',	'120052855984579'),
('a6ace2ea-3bbf-35ca-bf65-1146caa118b6',	'Renard',	'Charles',	'2019-12-04',	'impasse de Blanchard
29884 Rocher-la-Forêt',	'05 68 11 18 87',	'cecile69@boulanger.com',	'dd468533-344d-3141-b6da-945fd273e3f8',	'198026047858077'),
('74de52df-04ec-3364-bbf4-bf26e191cedb',	'Hamon',	'Nath',	'2002-09-22',	'17, boulevard de Leconte
54222 De Sousa-sur-Labbe',	'0354145132',	'alain15@charrier.fr',	'88016ea3-9e18-319f-9dfd-62a12bfb47a5',	'128065379353776'),
('0c89eb6c-55dc-304a-a568-a682c9c6ceef',	'Bonnet',	'Gabriel',	'1991-07-30',	'84, avenue Camille Pruvost
71066 Munoz-sur-Tanguy',	'+33 6 99 54 39 80',	'colette58@orange.fr',	'a7aff564-bf07-344f-8e0f-4be67c12d895',	'201062435586209'),
('11d611ed-fa3e-39e2-b5e0-018b00cef74a',	'Descamps',	'Gérard',	'2021-05-03',	'26, rue Martel
35174 Guillon',	'+33 (0)1 32 31 55 31',	'gaillard.martin@deschamps.org',	'dd468533-344d-3141-b6da-945fd273e3f8',	'274088200485602'),
('d785b5be-c84e-3170-adbf-abb636460974',	'Tanguy',	'Isabelle',	'2006-07-28',	'64, boulevard de Schneider
49604 Martel-la-Forêt',	'+33 3 75 52 88 93',	'matthieu31@hotmail.fr',	'ed1a967f-774b-39a8-a408-ec38c725ccd2',	'200065377183217'),
('015bf648-9314-31cc-b536-34ad0d043c81',	'Gregoire',	'Denis',	'2018-06-20',	'482, rue de Leclercq
86746 LesageBourg',	'0289993024',	'lebreton.alfred@dbmail.com',	'b5373bdc-bac8-3c66-b819-85ce85e4d320',	'161098648104301'),
('a89bd373-a430-3394-8cbc-8ecd24f436e4',	'Joseph',	'André',	'1980-11-29',	'9, chemin de Colas
48286 Mahe',	'0168810189',	'adelaide66@club-internet.fr',	'37293bd9-1151-33cc-87ee-14632e01fd0a',	'239114069618675'),
('a45320ce-54ae-3778-abb6-ff1847a1d371',	'Gautier',	'Suzanne',	'1970-06-25',	'206, rue Suzanne Dupuy
22576 Valentin',	'+33 (0)7 56 45 37 34',	'hugues14@free.fr',	'06624069-b6dc-379a-af32-84b2c7f92703',	'284089712901578'),
('6a7c3f13-723f-36be-ab11-dc40343e9158',	'Royer',	'Victoire',	'2006-08-08',	'162, avenue Pereira
35598 Etienneboeuf',	'+33 6 98 06 92 18',	'ecordier@pereira.com',	'30e0b5ed-faa7-32ee-a513-e54c70b9015f',	'167105388002709'),
('0a8b19ec-07d7-38db-abf0-e16aa1ff64c6',	'Henry',	'Yves',	'2013-03-01',	'775, boulevard Suzanne Blanc
21576 Leleu',	'+33 (0)7 39 89 15 35',	'alfred30@maurice.com',	'e5fcb510-ef63-35d3-aff9-7590459fcf3a',	'199056406555762'),
('6d28f713-2783-3e23-a493-0cc927a5a478',	'Lamy',	'Jacques',	'1987-01-30',	'8, avenue de Mercier
20600 Klein',	'0695960467',	'blemoine@sfr.fr',	'c3f67135-26f6-3e46-a50d-0352242c1283',	'257023139322105'),
('500a2160-c09e-3698-bcb9-bbcadbddc8be',	'Gomez',	'Valérie',	'1981-01-03',	'86, place Michelle Petitjean
36742 Picard',	'02 12 42 78 13',	'qremy@delmas.fr',	'4749c6f8-8ddf-337c-b925-8655c5648fd6',	'274025401190911'),
('26d86b05-18a8-3ce4-baa2-e16b4cfd75f2',	'Lenoir',	'Guy',	'2007-08-22',	'73, impasse de Giraud
52205 Gaudin',	'+33 (0)3 56 58 87 73',	'marcel93@joseph.com',	'3740ce08-d7ed-3f30-89dc-37c75705a5c0',	'203108335968984'),
('e76799d6-e056-3bff-9e1a-9262c4382bdd',	'Coste',	'Antoine',	'2022-06-10',	'44, avenue Alves
55670 GalletBourg',	'09 26 07 93 83',	'marthe.marques@wanadoo.fr',	'47e95999-4406-32f2-8b84-dc3fc31d7ef9',	'171068081116084'),
('b0d6d791-6e2a-339b-a94a-516f9b2ad825',	'Leroy',	'Xavier',	'1984-06-27',	'2, rue de Charrier
72418 Julien-les-Bains',	'+33 (0)2 11 86 52 76',	'alain37@deoliveira.fr',	'3ad5f7ae-8699-34c7-824d-25919c7752be',	'132111872802173'),
('18dfa463-6eb7-3d93-af61-bce88ec8e4d2',	'Rocher',	'Susanne',	'2014-04-11',	'195, boulevard Augustin Guyon
65290 Mathieuboeuf',	'03 30 16 65 79',	'franck42@goncalves.com',	'd7b34ecf-f3c0-3f2d-84c9-be32f27f1a78',	'250122217079973'),
('bfe259a1-1e4d-33d7-8d68-a86550e41245',	'Gaillard',	'Henriette',	'1983-05-04',	'21, avenue Thérèse Legros
58253 Rossi-sur-Besson',	'+33 (0)2 49 59 80 30',	'collet.chantal@free.fr',	'ee2f80f8-18d4-32ce-9e0b-339a5d266efa',	'299048805525448'),
('732f7a81-5dc7-35c2-908e-82cb14cd8196',	'Hoarau',	'Laetitia',	'1977-12-14',	'696, avenue de Schneider
17590 Germain',	'+33 (0)6 62 95 60 89',	'rdelorme@orange.fr',	'5991acf8-b757-3556-b1d9-5cfcf52204e0',	'229050166652051'),
('c2f531cb-425e-37f8-9008-bcdc41598a3d',	'Legrand',	'Théophile',	'1977-03-31',	'rue de Baudry
96213 Bonnet-sur-Mer',	'07 56 00 40 62',	'hortense.traore@yahoo.fr',	'346db59f-d583-31ac-aba8-a36043b4865c',	'185018563351891'),
('0f957154-6355-3a8c-b8d6-5c733f1673bc',	'Colas',	'Mathilde',	'1980-04-03',	'8, rue Andrée Da Costa
93788 Boucher',	'0530173933',	'lecoq.elisabeth@sfr.fr',	'4749c6f8-8ddf-337c-b925-8655c5648fd6',	'170086865665486'),
('73696f08-43d2-3601-8c9d-058c78a9fc7f',	'Guillet',	'Benoît',	'1975-12-07',	'56, chemin de Georges
63921 RamosVille',	'0898003723',	'jacqueline57@sfr.fr',	'656a298f-7f68-3729-b6d4-a015a71192ae',	'293022B12400390'),
('a2923652-f03b-379b-b115-e355392ef0a5',	'Lejeune',	'Zoé',	'2001-12-28',	'2, rue de Coulon
57840 Maillard',	'+33 (0)7 61 73 44 22',	'qmace@guerin.fr',	'5991acf8-b757-3556-b1d9-5cfcf52204e0',	'114052560042829'),
('6b0bf17c-5c74-3e82-8c22-18ceba664a1f',	'Dumont',	'Marcel',	'1999-04-09',	'23, rue Éléonore Fleury
32648 Gomes',	'+33 7 77 67 58 87',	'chevallier.philippine@noos.fr',	'8fc950f8-ea0a-3a9c-a4e3-9f9fe9ab289e',	'185095608766170'),
('115d4ca8-7d83-3b30-959c-b5e0fd49285c',	'Le Gall',	'Charles',	'2011-03-31',	'chemin Clement
94474 DijouxVille',	'+33 (0)9 24 73 48 33',	'marguerite.faivre@gmail.com',	'7bea676a-c084-39d2-aaf8-707518a2f7d1',	'157105777606776'),
('06aeb14e-fc32-3a32-bc2e-96f994c518fd',	'Marechal',	'Anouk',	'2023-08-20',	'19, chemin Thierry Merle
91953 Pinto-sur-Guillon',	'0529745769',	'bouchet.stephane@noos.fr',	'b5373bdc-bac8-3c66-b819-85ce85e4d320',	'285061044455123'),
('1b11af07-7782-3829-ac1a-a7c0d0216a5c',	'Teixeira',	'Olivie',	'1986-06-07',	'878, avenue Susanne Allard
95928 Bouvier',	'+33 (0)6 36 11 14 16',	'smallet@gmail.com',	'b773fa5f-fae5-3435-b2e8-ebc7b79f3281',	'200076701983596'),
('87eeb2c4-08aa-3aca-8ed3-5dac04daf26b',	'Joseph',	'Gilles',	'1993-10-21',	'98, place Hamon
18344 Regnierdan',	'+33 7 36 02 33 08',	'vlecoq@noos.fr',	'93580ecf-1453-33e3-be82-dcd1f315100a',	'100012944502963'),
('6a55fa16-1a54-3a78-86e6-4276d3f09cb0',	'Marion',	'Agnès',	'2005-02-15',	'89, boulevard de Menard
27660 Francois',	'0553203295',	'bertin.claude@hotmail.fr',	'add2e46a-8465-3aea-8f61-3129247d6b11',	'240102A98898044'),
('3e425365-fa3b-377a-be23-76bfad51c846',	'Valentin',	'Bernard',	'2001-10-05',	'rue de Rocher
57427 Navarro',	'0347483543',	'francois.margot@yahoo.fr',	'4749c6f8-8ddf-337c-b925-8655c5648fd6',	'187053589038439'),
('ac56c644-97f4-3d47-89a9-7f79a67ce6b3',	'Masson',	'Rémy',	'1986-02-09',	'11, rue de Ferreira
26246 Perrot',	'01 34 80 06 80',	'gilles.dupuis@live.com',	'387a2731-2dd9-3c14-931f-2b024fa46b27',	'271033121465897'),
('fe2b9ab3-666a-34bf-8f9e-91517d63fe7a',	'Georges',	'Henriette',	'1980-10-14',	'69, boulevard Bonnet
20704 Le Goff',	'+33 1 46 37 68 09',	'etienne.becker@orange.fr',	'2c32033b-1f4d-315e-b285-3e6ea3b30381',	'236082555966539'),
('98a3e7b5-8a62-3725-8f2c-f575d057bc48',	'Lenoir',	'Louise',	'2021-02-20',	'76, boulevard Legros
78889 Benard-sur-Mer',	'+33 (0)2 21 84 68 54',	'arnaude73@tele2.fr',	'836f4664-68c3-332a-8dae-78d289f53538',	'194108386446849');

INSERT INTO "rdv" ("id", "date", "patientid", "praticienid", "status") VALUES
('1451e9ef-aa76-3ec8-aba2-2b704fc19bea',	'2025-02-07 14:30:00',	'06aeb14e-fc32-3a32-bc2e-96f994c518fd',	'7edc6c16-dfaf-3dd0-b88a-4c3e303cf243',	4),
('d87d1380-dead-36c0-a955-30c0ef9a4a8a',	'2025-02-23 10:00:00',	'26d86b05-18a8-3ce4-baa2-e16b4cfd75f2',	'91254fa2-3c14-3bc1-83d4-4c8c8f17979a',	0),
('fe7244ff-22c2-354e-9864-e0a1bf038e76',	'2025-03-17 09:00:00',	'ad9bfece-6520-3ff1-b497-f897e5bde84a',	'91254fa2-3c14-3bc1-83d4-4c8c8f17979a',	4),
('9c1d9ed9-52cc-32dc-856c-891b8751b69a',	'2025-03-16 10:30:00',	'bfe259a1-1e4d-33d7-8d68-a86550e41245',	'5b1ea8fb-2f9f-304f-bf57-53121d030dd0',	0),
('3431fcba-d17e-3ddb-aa62-c20670323187',	'2025-02-18 10:30:00',	'6d28f713-2783-3e23-a493-0cc927a5a478',	'7bea676a-c084-39d2-aaf8-707518a2f7d1',	1),
('0d1197cc-5a00-3b92-8c20-4b537a4ac712',	'2025-02-24 09:00:00',	'6b0bf17c-5c74-3e82-8c22-18ceba664a1f',	'cf3dc7df-a4d7-3a8f-9dba-acd4f2d95f1d',	0),
('26862d81-20a2-3943-9063-346fb6eb5418',	'2025-02-20 10:30:00',	'015bf648-9314-31cc-b536-34ad0d043c81',	'387a2731-2dd9-3c14-931f-2b024fa46b27',	0),
('6efad62a-79e6-38b9-9943-8a1947b5edcc',	'2025-03-17 13:30:00',	'b0d6d791-6e2a-339b-a94a-516f9b2ad825',	'155aeb3f-cdf3-38a0-b5a0-e2ace53540a9',	0),
('9876703b-06db-3aa7-9057-01189381d291',	'2025-03-18 15:30:00',	'98c2aeae-a2f1-382c-8c94-65a27d52f991',	'836f4664-68c3-332a-8dae-78d289f53538',	4),
('a22a3d9f-f302-346c-ad70-f0fd6e0b9ff3',	'2025-02-18 09:00:00',	'a6ace2ea-3bbf-35ca-bf65-1146caa118b6',	'06624069-b6dc-379a-af32-84b2c7f92703',	4),
('da43e3be-7c44-46e9-a647-fc499a6faae4',	'2025-04-24 22:48:00',	'a6ace2ea-3bbf-35ca-bf65-1146caa118b6',	'ed1a967f-774b-39a8-a408-ec38c725ccd2',	0);

INSERT INTO "status" ("id", "label") VALUES
(0,	'Maintenu'),
(4,	'Payé'),
(1,	'Honoré'),
(3,	'Annulé'),
(5,	'Pas payé'),
(2,	'Non honoré');

-- 2025-01-28 14:32:15.823208+00
